{"cameraMode":{"drawMode":0,"name":"Shaded","section":"Shading Mode"},"sceneLighting":false,"audioPlay":false,"sceneViewState":{"m_AlwaysRefresh":false,"showFog":true,"showSkybox":false,"showFlares":true,"showImageEffects":true,"showParticleSystems":true,"showVisualEffectGraphs":true,"m_FxEnabled":true},"in2DMode":false,"pivot":{"x":-2.562173366546631,"y":0.9863119125366211,"z":0.3154733180999756},"rotation":{"x":0.19429410994052888,"y":0.15320360660552979,"z":-0.030736666172742845,"w":0.9684253931045532},"size":5.887391567230225,"orthographic":true}