{"cameraMode":{"drawMode":0,"name":"Shaded","section":"Shading Mode"},"sceneLighting":true,"audioPlay":false,"sceneViewState":{"m_AlwaysRefresh":false,"showFog":true,"showSkybox":true,"showFlares":true,"showImageEffects":true,"showParticleSystems":true,"showVisualEffectGraphs":true,"m_FxEnabled":true},"in2DMode":false,"pivot":{"x":0.08757060766220093,"y":1.1102409362792969,"z":31.065465927124025},"rotation":{"x":0.06999519467353821,"y":-0.7769010663032532,"z":0.08777224272489548,"w":0.6195528507232666},"size":0.967364490032196,"orthographic":true}