{"cameraMode":{"drawMode":0,"name":"Shaded","section":"Shading Mode"},"sceneLighting":true,"audioPlay":false,"sceneViewState":{"m_AlwaysRefresh":false,"showFog":true,"showSkybox":true,"showFlares":true,"showImageEffects":true,"showParticleSystems":true,"showVisualEffectGraphs":true,"m_FxEnabled":true},"in2DMode":false,"pivot":{"x":-25.43551254272461,"y":-0.2009263038635254,"z":409.0835876464844},"rotation":{"x":0.039801765233278278,"y":0.731254518032074,"z":-0.042827341705560687,"w":0.6795914769172669},"size":36.60688018798828,"orthographic":true}