{"cameraMode":{"drawMode":0,"name":"Shaded","section":"Shading Mode"},"sceneLighting":true,"audioPlay":false,"sceneViewState":{"m_AlwaysRefresh":false,"showFog":true,"showSkybox":true,"showFlares":true,"showImageEffects":true,"showParticleSystems":true,"showVisualEffectGraphs":true,"m_FxEnabled":true},"in2DMode":false,"pivot":{"x":3.7748148441314699,"y":13.13064956665039,"z":133.64395141601563},"rotation":{"x":0.08837255835533142,"y":-0.016434818506240846,"z":0.0014583440497517586,"w":0.9959520101547241},"size":4.83434534072876,"orthographic":true}