{"cameraMode":{"drawMode":0,"name":"Shaded","section":"Shading Mode"},"sceneLighting":true,"audioPlay":false,"sceneViewState":{"m_AlwaysRefresh":false,"showFog":true,"showSkybox":true,"showFlares":true,"showImageEffects":true,"showParticleSystems":true,"showVisualEffectGraphs":true,"m_FxEnabled":true},"in2DMode":false,"pivot":{"x":208.15835571289063,"y":-5.599654674530029,"z":77.90090942382813},"rotation":{"x":0.015651090070605279,"y":-0.7891875505447388,"z":0.020128516480326654,"w":0.6136283278465271},"size":0.8738110661506653,"orthographic":true}