{"cameraMode":{"drawMode":0,"name":"Shaded","section":"Shading Mode"},"sceneLighting":true,"audioPlay":false,"sceneViewState":{"m_AlwaysRefresh":false,"showFog":true,"showSkybox":true,"showFlares":true,"showImageEffects":true,"showParticleSystems":true,"showVisualEffectGraphs":true,"m_FxEnabled":true},"in2DMode":false,"pivot":{"x":-2.314182758331299,"y":1.4762887954711915,"z":880.2501831054688},"rotation":{"x":0.09134776145219803,"y":0.023296447470784189,"z":-0.002138329204171896,"w":0.9955535531044006},"size":1.8720829486846924,"orthographic":true}