{"cameraMode":{"drawMode":0,"name":"Shaded","section":"Shading Mode"},"sceneLighting":false,"audioPlay":false,"sceneViewState":{"m_AlwaysRefresh":false,"showFog":true,"showSkybox":false,"showFlares":true,"showImageEffects":true,"showParticleSystems":true,"showVisualEffectGraphs":true,"m_FxEnabled":true},"in2DMode":false,"pivot":{"x":22.796062469482423,"y":0.6530752182006836,"z":46.222625732421878},"rotation":{"x":0.0613614022731781,"y":0.05686141923069954,"z":-0.0035014066379517318,"w":0.9964874982833862},"size":33.03598403930664,"orthographic":true}