{"cameraMode":{"drawMode":0,"name":"Shaded","section":"Shading Mode"},"sceneLighting":false,"audioPlay":false,"sceneViewState":{"m_AlwaysRefresh":false,"showFog":true,"showSkybox":false,"showFlares":true,"showImageEffects":true,"showParticleSystems":true,"showVisualEffectGraphs":true,"m_FxEnabled":true},"in2DMode":false,"pivot":{"x":-0.022504568099975587,"y":-0.19482040405273438,"z":-0.12031912803649903},"rotation":{"x":0.1878535896539688,"y":-0.4595065414905548,"z":0.10010556131601334,"w":0.8623072504997253},"size":1.7865843772888184,"orthographic":true}