{"cameraMode":{"drawMode":0,"name":"Shaded","section":"Shading Mode"},"sceneLighting":false,"audioPlay":false,"sceneViewState":{"m_AlwaysRefresh":false,"showFog":true,"showSkybox":false,"showFlares":true,"showImageEffects":true,"showParticleSystems":true,"showVisualEffectGraphs":true,"m_FxEnabled":true},"in2DMode":false,"pivot":{"x":0.05268669128417969,"y":0.7760605812072754,"z":1.1393989324569703},"rotation":{"x":-0.015643922612071039,"y":0.7184950709342957,"z":0.016169268637895585,"w":0.6951679587364197},"size":3.630133867263794,"orthographic":true}