{"cameraMode":{"drawMode":0,"name":"Shaded","section":"Shading Mode"},"sceneLighting":false,"audioPlay":false,"sceneViewState":{"m_AlwaysRefresh":false,"showFog":true,"showSkybox":false,"showFlares":true,"showImageEffects":true,"showParticleSystems":true,"showVisualEffectGraphs":true,"m_FxEnabled":true},"in2DMode":false,"pivot":{"x":0.03474164009094238,"y":0.9928638339042664,"z":32.222957611083987},"rotation":{"x":-0.1367788463830948,"y":0.7583913803100586,"z":-0.16879293322563172,"w":-0.6145352721214294},"size":0.3192579746246338,"orthographic":true}