{"cameraMode":{"drawMode":0,"name":"Shaded","section":"Shading Mode"},"sceneLighting":false,"audioPlay":false,"sceneViewState":{"m_AlwaysRefresh":false,"showFog":true,"showSkybox":false,"showFlares":true,"showImageEffects":true,"showParticleSystems":true,"showVisualEffectGraphs":true,"m_FxEnabled":true},"in2DMode":false,"pivot":{"x":0.20337677001953126,"y":2.0872962474823,"z":0.027823448181152345},"rotation":{"x":0.03641616180539131,"y":0.3570497930049896,"z":-0.013931690715253353,"w":0.9332724809646606},"size":19.07014274597168,"orthographic":true}