{"cameraMode":{"drawMode":0,"name":"Shaded","section":"Shading Mode"},"sceneLighting":false,"audioPlay":false,"sceneViewState":{"m_AlwaysRefresh":false,"showFog":false,"showSkybox":false,"showFlares":false,"showImageEffects":false,"showParticleSystems":false,"showVisualEffectGraphs":true,"m_FxEnabled":true},"in2DMode":false,"pivot":{"x":0.0007578730583190918,"y":0.8954259157180786,"z":0.024176329374313356},"rotation":{"x":0.10479895770549774,"y":-0.013424046337604523,"z":0.001414974918588996,"w":0.9944133758544922},"size":1.0154223442077637,"orthographic":true}