{"cameraMode":{"drawMode":0,"name":"Shaded","section":"Shading Mode"},"sceneLighting":false,"audioPlay":false,"sceneViewState":{"m_AlwaysRefresh":false,"showFog":true,"showSkybox":false,"showFlares":true,"showImageEffects":true,"showParticleSystems":true,"showVisualEffectGraphs":true,"m_FxEnabled":true},"in2DMode":false,"pivot":{"x":-0.09808719158172608,"y":1.5696337223052979,"z":-0.23863834142684937},"rotation":{"x":-0.003848340129479766,"y":-0.9850131273269653,"z":-0.0221665371209383,"w":0.1710093915462494},"size":2.8650200366973879,"orthographic":true}