{"cameraMode":{"drawMode":0,"name":"Shaded","section":"Shading Mode"},"sceneLighting":false,"audioPlay":false,"sceneViewState":{"m_AlwaysRefresh":false,"showFog":true,"showSkybox":false,"showFlares":true,"showImageEffects":true,"showParticleSystems":true,"showVisualEffectGraphs":true,"m_FxEnabled":true},"in2DMode":false,"pivot":{"x":6.651439666748047,"y":6.892476558685303,"z":48.103782653808597},"rotation":{"x":0.03431035578250885,"y":0.40281352400779726,"z":-0.015112596563994885,"w":0.914513885974884},"size":14.29736042022705,"orthographic":true}