{"cameraMode":{"drawMode":0,"name":"Shaded","section":"Shading Mode"},"sceneLighting":false,"audioPlay":false,"sceneViewState":{"m_AlwaysRefresh":false,"showFog":true,"showSkybox":false,"showFlares":true,"showImageEffects":true,"showParticleSystems":true,"showVisualEffectGraphs":true,"m_FxEnabled":true},"in2DMode":false,"pivot":{"x":0.4070596694946289,"y":0.12617141008377076,"z":-0.23598361015319825},"rotation":{"x":0.006463784258812666,"y":0.5071560144424439,"z":-0.0038037430495023729,"w":0.8618221879005432},"size":1.333012580871582,"orthographic":false}