{"cameraMode":{"drawMode":0,"name":"Shaded","section":"Shading Mode"},"sceneLighting":false,"audioPlay":false,"sceneViewState":{"m_AlwaysRefresh":false,"showFog":true,"showSkybox":false,"showFlares":true,"showImageEffects":true,"showParticleSystems":true,"showVisualEffectGraphs":true,"m_FxEnabled":true},"in2DMode":false,"pivot":{"x":7.151234149932861,"y":0.3829692602157593,"z":45.62306213378906},"rotation":{"x":0.12111598253250122,"y":0.03721485286951065,"z":-0.0045439754612743858,"w":0.9919293522834778},"size":11.037672996520996,"orthographic":true}