{"cameraMode":{"drawMode":0,"name":"Shaded","section":"Shading Mode"},"sceneLighting":false,"audioPlay":false,"sceneViewState":{"m_AlwaysRefresh":false,"showFog":true,"showSkybox":false,"showFlares":true,"showImageEffects":true,"showParticleSystems":true,"showVisualEffectGraphs":true,"m_FxEnabled":true},"in2DMode":false,"pivot":{"x":16.489877700805665,"y":-1.5824321508407593,"z":-6.898194313049316},"rotation":{"x":0.29492416977882388,"y":-0.011465908959507943,"z":0.003539266297593713,"w":0.9554455876350403},"size":23.03186798095703,"orthographic":true}