{"cameraMode":{"drawMode":0,"name":"Shaded","section":"Shading Mode"},"sceneLighting":false,"audioPlay":false,"sceneViewState":{"m_AlwaysRefresh":false,"showFog":true,"showSkybox":false,"showFlares":true,"showImageEffects":true,"showParticleSystems":true,"showVisualEffectGraphs":true,"m_FxEnabled":true},"in2DMode":false,"pivot":{"x":-1.157569408416748,"y":-3.319551944732666,"z":7.6977643966674809},"rotation":{"x":0.1077147126197815,"y":-0.03727235645055771,"z":0.004040624015033245,"w":0.9934782981872559},"size":16.548757553100587,"orthographic":true}