{"cameraMode":{"drawMode":0,"name":"Shaded","section":"Shading Mode"},"sceneLighting":false,"audioPlay":false,"sceneViewState":{"m_AlwaysRefresh":false,"showFog":true,"showSkybox":false,"showFlares":true,"showImageEffects":true,"showParticleSystems":true,"showVisualEffectGraphs":true,"m_FxEnabled":true},"in2DMode":false,"pivot":{"x":0.24317073822021485,"y":-0.2636241912841797,"z":-0.041046142578125},"rotation":{"x":0.021273205056786538,"y":0.7046679854393005,"z":-0.021146610379219056,"w":0.7089090347290039},"size":5.5303826332092289,"orthographic":true}